Name,nan,net/bytebuddy/ByteBuddy,net/bytebuddy/ClassFileVersion,net/bytebuddy/NamingStrategy,net/bytebuddy/TypeCache,net/bytebuddy/asm/Advice,net/bytebuddy/asm/AsmVisitorWrapper,net/bytebuddy/description/ByteCodeElement,net/bytebuddy/description/DeclaredByType,net/bytebuddy/description/ModifierReviewable,net/bytebuddy/description/NamedElement,net/bytebuddy/description/TypeVariableSource,net/bytebuddy/description/annotation/AnnotationDescription,net/bytebuddy/description/annotation/AnnotationList,net/bytebuddy/description/annotation/AnnotationSource,net/bytebuddy/description/annotation/AnnotationValue,net/bytebuddy/description/enumeration/EnumerationDescription,net/bytebuddy/description/field/FieldDescription,net/bytebuddy/description/field/FieldList,net/bytebuddy/description/method/MethodDescription,net/bytebuddy/description/method/MethodList,net/bytebuddy/description/method/ParameterDescription,net/bytebuddy/description/method/ParameterList,net/bytebuddy/description/modifier/ModifierContributor,net/bytebuddy/description/modifier/Visibility,net/bytebuddy/description/type/PackageDescription,net/bytebuddy/description/type/RecordComponentList,net/bytebuddy/description/type/TypeDefinition,net/bytebuddy/description/type/TypeDescription,net/bytebuddy/description/type/TypeList,net/bytebuddy/dynamic/ClassFileLocator,net/bytebuddy/dynamic/DynamicType,net/bytebuddy/dynamic/TargetType,net/bytebuddy/dynamic/Transformer,net/bytebuddy/dynamic/TypeResolutionStrategy,net/bytebuddy/dynamic/loading/ClassInjector,net/bytebuddy/dynamic/loading/ClassLoadingStrategy,net/bytebuddy/dynamic/loading/MultipleParentClassLoader,net/bytebuddy/dynamic/loading/PackageDefinitionStrategy,net/bytebuddy/dynamic/scaffold/ClassWriterStrategy,net/bytebuddy/dynamic/scaffold/FieldLocator,net/bytebuddy/dynamic/scaffold/FieldRegistry,net/bytebuddy/dynamic/scaffold/InstrumentedType,net/bytebuddy/dynamic/scaffold/MethodGraph,net/bytebuddy/dynamic/scaffold/MethodRegistry,net/bytebuddy/dynamic/scaffold/RecordComponentRegistry,net/bytebuddy/dynamic/scaffold/TypeInitializer,net/bytebuddy/dynamic/scaffold/TypeValidation,net/bytebuddy/dynamic/scaffold/TypeWriter,net/bytebuddy/dynamic/scaffold/inline/AbstractInliningDynamicTypeBuilder,net/bytebuddy/dynamic/scaffold/inline/InliningImplementationMatcher,net/bytebuddy/dynamic/scaffold/inline/RedefinitionDynamicTypeBuilder,net/bytebuddy/dynamic/scaffold/subclass/ConstructorStrategy,net/bytebuddy/dynamic/scaffold/subclass/SubclassDynamicTypeBuilder,net/bytebuddy/dynamic/scaffold/subclass/SubclassImplementationTarget,net/bytebuddy/implementation/FieldAccessor,net/bytebuddy/implementation/Implementation,net/bytebuddy/implementation/LoadedTypeInitializer,net/bytebuddy/implementation/MethodAccessorFactory,net/bytebuddy/implementation/MethodDelegation,net/bytebuddy/implementation/SuperMethodCall,net/bytebuddy/implementation/attribute/AnnotationAppender,net/bytebuddy/implementation/attribute/AnnotationRetention,net/bytebuddy/implementation/attribute/AnnotationValueFilter,net/bytebuddy/implementation/attribute/FieldAttributeAppender,net/bytebuddy/implementation/attribute/MethodAttributeAppender,net/bytebuddy/implementation/attribute/TypeAttributeAppender,net/bytebuddy/implementation/auxiliary/AuxiliaryType,net/bytebuddy/implementation/auxiliary/MethodCallProxy,net/bytebuddy/implementation/bind/ArgumentTypeResolver,net/bytebuddy/implementation/bind/MethodDelegationBinder,net/bytebuddy/implementation/bind/annotation/Argument,net/bytebuddy/implementation/bind/annotation/BindingPriority,net/bytebuddy/implementation/bind/annotation/FieldValue,net/bytebuddy/implementation/bind/annotation/Origin,net/bytebuddy/implementation/bind/annotation/RuntimeType,net/bytebuddy/implementation/bind/annotation/TargetMethodAnnotationDrivenBinder,net/bytebuddy/implementation/bytecode/ByteCodeAppender,net/bytebuddy/implementation/bytecode/Removal,net/bytebuddy/implementation/bytecode/StackManipulation,net/bytebuddy/implementation/bytecode/StackSize,net/bytebuddy/implementation/bytecode/TypeCreation,net/bytebuddy/implementation/bytecode/assign/Assigner,net/bytebuddy/implementation/bytecode/assign/TypeCasting,net/bytebuddy/implementation/bytecode/assign/primitive/PrimitiveBoxingDelegate,net/bytebuddy/implementation/bytecode/assign/primitive/PrimitiveTypeAwareAssigner,net/bytebuddy/implementation/bytecode/assign/primitive/PrimitiveUnboxingDelegate,net/bytebuddy/implementation/bytecode/assign/primitive/PrimitiveWideningDelegate,net/bytebuddy/implementation/bytecode/assign/primitive/VoidAwareAssigner,net/bytebuddy/implementation/bytecode/collection/ArrayFactory,net/bytebuddy/implementation/bytecode/constant/ClassConstant,net/bytebuddy/implementation/bytecode/constant/DefaultValue,net/bytebuddy/implementation/bytecode/constant/IntegerConstant,net/bytebuddy/implementation/bytecode/constant/MethodConstant,net/bytebuddy/implementation/bytecode/constant/TextConstant,net/bytebuddy/implementation/bytecode/member/FieldAccess,net/bytebuddy/implementation/bytecode/member/MethodInvocation,net/bytebuddy/implementation/bytecode/member/MethodReturn,net/bytebuddy/implementation/bytecode/member/MethodVariableAccess,net/bytebuddy/jar/asm/AnnotationVisitor,net/bytebuddy/jar/asm/AnnotationWriter,net/bytebuddy/jar/asm/Attribute,net/bytebuddy/jar/asm/ByteVector,net/bytebuddy/jar/asm/ClassReader,net/bytebuddy/jar/asm/ClassVisitor,net/bytebuddy/jar/asm/ClassWriter,net/bytebuddy/jar/asm/Context,net/bytebuddy/jar/asm/FieldVisitor,net/bytebuddy/jar/asm/FieldWriter,net/bytebuddy/jar/asm/Handler,net/bytebuddy/jar/asm/Label,net/bytebuddy/jar/asm/MethodVisitor,net/bytebuddy/jar/asm/MethodWriter,net/bytebuddy/jar/asm/Symbol,net/bytebuddy/jar/asm/SymbolTable,net/bytebuddy/jar/asm/Type,net/bytebuddy/jar/asm/TypeReference,net/bytebuddy/jar/asm/signature/SignatureVisitor,net/bytebuddy/jar/asm/signature/SignatureWriter,net/bytebuddy/matcher/AnnotationTypeMatcher,net/bytebuddy/matcher/BooleanMatcher,net/bytebuddy/matcher/CollectionErasureMatcher,net/bytebuddy/matcher/CollectionItemMatcher,net/bytebuddy/matcher/CollectionOneToOneMatcher,net/bytebuddy/matcher/CollectionSizeMatcher,net/bytebuddy/matcher/DeclaringAnnotationMatcher,net/bytebuddy/matcher/DeclaringTypeMatcher,net/bytebuddy/matcher/DescriptorMatcher,net/bytebuddy/matcher/ElementMatcher,net/bytebuddy/matcher/ElementMatchers,net/bytebuddy/matcher/EqualityMatcher,net/bytebuddy/matcher/ErasureMatcher,net/bytebuddy/matcher/FilterableList,net/bytebuddy/matcher/LatentMatcher,net/bytebuddy/matcher/MethodParameterTypeMatcher,net/bytebuddy/matcher/MethodParameterTypesMatcher,net/bytebuddy/matcher/MethodParametersMatcher,net/bytebuddy/matcher/MethodReturnTypeMatcher,net/bytebuddy/matcher/MethodSortMatcher,net/bytebuddy/matcher/ModifierMatcher,net/bytebuddy/matcher/NameMatcher,net/bytebuddy/matcher/NegatingMatcher,net/bytebuddy/matcher/SignatureTokenMatcher,net/bytebuddy/matcher/StringMatcher,net/bytebuddy/matcher/SuperTypeMatcher,net/bytebuddy/matcher/TypeSortMatcher,net/bytebuddy/matcher/VisibilityMatcher,net/bytebuddy/pool/TypePool,net/bytebuddy/utility/CompoundList,net/bytebuddy/utility/GraalImageCode,net/bytebuddy/utility/Invoker,net/bytebuddy/utility/OpenedClassReader,net/bytebuddy/utility/RandomString,net/bytebuddy/utility/dispatcher/JavaDispatcher,net/bytebuddy/utility/visitor/ExceptionTableSensitiveMethodVisitor,net/bytebuddy/utility/visitor/LineNumberPrependingMethodVisitor,net/bytebuddy/utility/visitor/MetadataAwareClassVisitor,net/bytebuddy/utility/visitor/StackAwareMethodVisitor,net/jadler/AbstractRequestMatching,net/jadler/JadlerMocker,net/jadler/JadlerMockerTest,net/jadler/KeyValues,net/jadler/Request,net/jadler/RequestManager,net/jadler/exception/JadlerException,net/jadler/matchers/RequestMatcher,net/jadler/matchers/RequestMatcherTest,net/jadler/mocking/VerificationException,net/jadler/mocking/Verifying,net/jadler/stubbing/HttpStub,net/jadler/stubbing/HttpStubTest,net/jadler/stubbing/MutableStubResponse,net/jadler/stubbing/Responder,net/jadler/stubbing/ResponseStubbing,net/jadler/stubbing/StaticResponder,net/jadler/stubbing/StubResponse,net/jadler/stubbing/Stubbing,net/jadler/stubbing/StubbingFactory,net/jadler/stubbing/StubbingTest,net/jadler/stubbing/server/StubHttpServer,net/jadler/stubbing/server/StubHttpServerManager,org/apache/commons/collections/Factory,org/apache/commons/collections/MultiMap,org/apache/commons/collections/map/AbstractMapDecorator,org/apache/commons/collections/map/MultiValueMap,org/apache/commons/io/IOUtils,org/apache/commons/io/function/IOFunction,org/apache/commons/io/output/AbstractByteArrayOutputStream,org/apache/commons/io/output/StringBuilderWriter,org/apache/commons/io/output/ThresholdingOutputStream,org/apache/commons/io/output/UnsynchronizedByteArrayOutputStream,org/apache/commons/lang/StringUtils,org/apache/commons/lang/Validate,org/apache/maven/surefire/api/booter/BiProperty,org/apache/maven/surefire/api/booter/Command,org/apache/maven/surefire/api/booter/ForkedProcessEventType,org/apache/maven/surefire/api/booter/MasterProcessChannelDecoder,org/apache/maven/surefire/api/booter/MasterProcessChannelEncoder,org/apache/maven/surefire/api/booter/MasterProcessCommand,org/apache/maven/surefire/api/provider/CommandListener,org/apache/maven/surefire/api/provider/ProviderParameters,org/apache/maven/surefire/api/report/ReportEntry,org/apache/maven/surefire/api/report/ReporterFactory,org/apache/maven/surefire/api/report/RunListener,org/apache/maven/surefire/api/report/RunMode,org/apache/maven/surefire/api/report/SafeThrowable,org/apache/maven/surefire/api/report/SimpleReportEntry,org/apache/maven/surefire/api/report/StackTraceWriter,org/apache/maven/surefire/api/report/TestOutputReportEntry,org/apache/maven/surefire/api/report/TestReportListener,org/apache/maven/surefire/api/report/TestSetReportEntry,org/apache/maven/surefire/api/stream/AbstractStreamDecoder,org/apache/maven/surefire/api/stream/AbstractStreamEncoder,org/apache/maven/surefire/api/stream/SegmentType,org/apache/maven/surefire/api/suite/RunResult,org/apache/maven/surefire/api/testset/TestListResolver,org/apache/maven/surefire/api/util/CloseableIterator,org/apache/maven/surefire/api/util/TestsToRun,org/apache/maven/surefire/api/util/internal/AbstractNoninterruptibleReadableChannel,org/apache/maven/surefire/api/util/internal/AbstractNoninterruptibleWritableChannel,org/apache/maven/surefire/api/util/internal/ClassMethod,org/apache/maven/surefire/api/util/internal/DaemonThreadFactory,org/apache/maven/surefire/api/util/internal/ImmutableMap,org/apache/maven/surefire/api/util/internal/ObjectUtils,org/apache/maven/surefire/api/util/internal/TestClassMethodNameUtils,org/apache/maven/surefire/api/util/internal/WritableBufferedByteChannel,org/apache/maven/surefire/booter/CommandReader,org/apache/maven/surefire/booter/ForkedBooter,org/apache/maven/surefire/booter/PpidChecker,org/apache/maven/surefire/booter/spi/AbstractMasterProcessChannelProcessorFactory,org/apache/maven/surefire/booter/spi/EventChannelEncoder,org/apache/maven/surefire/booter/stream/CommandDecoder,org/apache/maven/surefire/booter/stream/EventEncoder,org/apache/maven/surefire/common/junit4/JUnit4ProviderUtil,org/apache/maven/surefire/common/junit4/JUnit4RunListener,org/apache/maven/surefire/common/junit4/JUnit4StackTraceWriter,org/apache/maven/surefire/common/junit4/JUnitTestFailureListener,org/apache/maven/surefire/common/junit4/Notifier,org/apache/maven/surefire/junit4/JUnit4Provider,org/apache/maven/surefire/report/ClassMethodIndexer,org/apache/maven/surefire/report/SmartStackTraceParser,org/apache/maven/surefire/shared/utils/StringUtils,org/apache/maven/surefire/spi/MasterProcessChannelProcessorFactory,org/hamcrest/BaseDescription,org/hamcrest/BaseMatcher,org/hamcrest/Description,org/hamcrest/DiagnosingMatcher,org/hamcrest/FeatureMatcher,org/hamcrest/Matcher,org/hamcrest/MatcherAssert,org/hamcrest/Matchers,org/hamcrest/SelfDescribing,org/hamcrest/StringDescription,org/hamcrest/TypeSafeDiagnosingMatcher,org/hamcrest/TypeSafeMatcher,org/hamcrest/collection/ArrayMatching,org/hamcrest/collection/IsCollectionWithSize,org/hamcrest/collection/IsEmptyCollection,org/hamcrest/collection/IsIterableContainingInAnyOrder,org/hamcrest/collection/IsIterableContainingInOrder,org/hamcrest/core/AllOf,org/hamcrest/core/Is,org/hamcrest/core/IsAnything,org/hamcrest/core/IsEqual,org/hamcrest/core/IsInstanceOf,org/hamcrest/core/IsNot,org/hamcrest/core/IsNull,org/hamcrest/core/IsSame,org/hamcrest/core/StringContains,org/hamcrest/core/SubstringMatcher,org/hamcrest/internal/ReflectiveTypeFinder,org/junit/Assert,org/junit/Test,org/junit/internal/Checks,org/junit/internal/MethodSorter,org/junit/internal/Throwables,org/junit/internal/builders/AllDefaultPossibilitiesBuilder,org/junit/internal/builders/AnnotatedBuilder,org/junit/internal/builders/IgnoredBuilder,org/junit/internal/builders/JUnit3Builder,org/junit/internal/builders/JUnit4Builder,org/junit/internal/builders/SuiteMethodBuilder,org/junit/internal/requests/ClassRequest,org/junit/internal/requests/MemoizingRequest,org/junit/internal/runners/model/EachTestNotifier,org/junit/internal/runners/model/ReflectiveCallable,org/junit/internal/runners/rules/RuleMemberValidator,org/junit/internal/runners/statements/ExpectException,org/junit/internal/runners/statements/InvokeMethod,org/junit/internal/runners/statements/RunBefores,org/junit/runner/Description,org/junit/runner/Request,org/junit/runner/Result,org/junit/runner/RunWith,org/junit/runner/Runner,org/junit/runner/notification/Failure,org/junit/runner/notification/RunListener,org/junit/runner/notification/RunNotifier,org/junit/runner/notification/SynchronizedRunListener,org/junit/runners/BlockJUnit4ClassRunner,org/junit/runners/JUnit4,org/junit/runners/ParentRunner,org/junit/runners/RuleContainer,org/junit/runners/model/Annotatable,org/junit/runners/model/FrameworkField,org/junit/runners/model/FrameworkMember,org/junit/runners/model/FrameworkMethod,org/junit/runners/model/RunnerBuilder,org/junit/runners/model/RunnerScheduler,org/junit/runners/model/Statement,org/junit/runners/model/TestClass,org/junit/validator/AnnotationsValidator,org/junit/validator/TestClassValidator,org/mockito/ArgumentMatcher,org/mockito/ArgumentMatchers,org/mockito/Mock,org/mockito/MockSettings,org/mockito/MockingDetails,org/mockito/Mockito,org/mockito/MockitoAnnotations,org/mockito/MockitoFramework,org/mockito/configuration/IMockitoConfiguration,org/mockito/exceptions/stacktrace/StackTraceCleaner,org/mockito/internal/MockitoCore,org/mockito/internal/configuration/DefaultInjectionEngine,org/mockito/internal/configuration/FieldAnnotationProcessor,org/mockito/internal/configuration/GlobalConfiguration,org/mockito/internal/configuration/IndependentAnnotationEngine,org/mockito/internal/configuration/InjectingAnnotationEngine,org/mockito/internal/configuration/MockAnnotationProcessor,org/mockito/internal/configuration/injection/ConstructorInjection,org/mockito/internal/configuration/injection/MockInjection,org/mockito/internal/configuration/injection/MockInjectionStrategy,org/mockito/internal/configuration/injection/PropertyAndSetterInjection,org/mockito/internal/configuration/injection/SpyOnInjectedFieldsHandler,org/mockito/internal/configuration/injection/filter/NameBasedCandidateFilter,org/mockito/internal/configuration/injection/filter/TerminalMockCandidateFilter,org/mockito/internal/configuration/injection/filter/TypeBasedCandidateFilter,org/mockito/internal/configuration/injection/scanner/InjectMocksScanner,org/mockito/internal/configuration/injection/scanner/MockScanner,org/mockito/internal/configuration/plugins/PluginRegistry,org/mockito/internal/configuration/plugins/Plugins,org/mockito/internal/creation/DelegatingMethod,org/mockito/internal/creation/MockSettingsImpl,org/mockito/internal/creation/SuspendMethod,org/mockito/internal/creation/bytebuddy/ByteBuddyCrossClassLoaderSerializationSupport,org/mockito/internal/creation/bytebuddy/BytecodeGenerator,org/mockito/internal/creation/bytebuddy/ConstructionCallback,org/mockito/internal/creation/bytebuddy/InlineBytecodeGenerator,org/mockito/internal/creation/bytebuddy/InlineDelegateByteBuddyMockMaker,org/mockito/internal/creation/bytebuddy/MockAccess,org/mockito/internal/creation/bytebuddy/MockFeatures,org/mockito/internal/creation/bytebuddy/MockMethodAdvice,org/mockito/internal/creation/bytebuddy/MockMethodInterceptor,org/mockito/internal/creation/bytebuddy/ModuleHandler,org/mockito/internal/creation/bytebuddy/SubclassBytecodeGenerator,org/mockito/internal/creation/bytebuddy/SubclassLoader,org/mockito/internal/creation/bytebuddy/TypeCachingBytecodeGenerator,org/mockito/internal/creation/bytebuddy/TypeSupport,org/mockito/internal/creation/settings/CreationSettings,org/mockito/internal/debugging/Localized,org/mockito/internal/debugging/LocationImpl,org/mockito/internal/exceptions/stacktrace/ConditionalStackTraceFilter,org/mockito/internal/exceptions/stacktrace/DefaultStackTraceCleaner,org/mockito/internal/exceptions/stacktrace/StackTraceFilter,org/mockito/internal/framework/DefaultMockitoFramework,org/mockito/internal/handler/InvocationNotifierHandler,org/mockito/internal/handler/MockHandlerFactory,org/mockito/internal/handler/MockHandlerImpl,org/mockito/internal/handler/NullResultGuardian,org/mockito/internal/invocation/ArgumentMatcherAction,org/mockito/internal/invocation/ArgumentsProcessor,org/mockito/internal/invocation/DefaultInvocationFactory,org/mockito/internal/invocation/InterceptedInvocation,org/mockito/internal/invocation/InvocationComparator,org/mockito/internal/invocation/InvocationMarker,org/mockito/internal/invocation/InvocationMatcher,org/mockito/internal/invocation/InvocationsFinder,org/mockito/internal/invocation/MatcherApplicationStrategy,org/mockito/internal/invocation/MatchersBinder,org/mockito/internal/invocation/MockitoMethod,org/mockito/internal/invocation/RealMethod,org/mockito/internal/invocation/StubInfoImpl,org/mockito/internal/invocation/TypeSafeMatching,org/mockito/internal/invocation/finder/AllInvocationsFinder,org/mockito/internal/invocation/mockref/MockReference,org/mockito/internal/invocation/mockref/MockWeakReference,org/mockito/internal/junit/DefaultTestFinishedEvent,org/mockito/internal/junit/MismatchReportingTestListener,org/mockito/internal/junit/MockitoTestListener,org/mockito/internal/junit/TestFinishedEvent,org/mockito/internal/junit/UnnecessaryStubbingsReporter,org/mockito/internal/junit/UnusedStubbingsFinder,org/mockito/internal/listeners/StubbingLookupNotifier,org/mockito/internal/listeners/VerificationStartedNotifier,org/mockito/internal/matchers/ArrayEquals,org/mockito/internal/matchers/Equality,org/mockito/internal/matchers/Equals,org/mockito/internal/matchers/InstanceOf,org/mockito/internal/matchers/LocalizedMatcher,org/mockito/internal/progress/ArgumentMatcherStorage,org/mockito/internal/progress/ArgumentMatcherStorageImpl,org/mockito/internal/progress/MockingProgress,org/mockito/internal/progress/MockingProgressImpl,org/mockito/internal/progress/SequenceNumber,org/mockito/internal/progress/ThreadSafeMockingProgress,org/mockito/internal/runners/DefaultInternalRunner,org/mockito/internal/runners/InternalRunner,org/mockito/internal/runners/RunnerFactory,org/mockito/internal/runners/StrictRunner,org/mockito/internal/runners/util/FailureDetector,org/mockito/internal/runners/util/RunnerProvider,org/mockito/internal/stubbing/BaseStubbing,org/mockito/internal/stubbing/ConsecutiveStubbing,org/mockito/internal/stubbing/DoAnswerStyleStubbing,org/mockito/internal/stubbing/InvocationContainerImpl,org/mockito/internal/stubbing/OngoingStubbingImpl,org/mockito/internal/stubbing/StubbedInvocationMatcher,org/mockito/internal/stubbing/StubberImpl,org/mockito/internal/stubbing/StubbingComparator,org/mockito/internal/stubbing/UnusedStubbingReporting,org/mockito/internal/stubbing/answers/AbstractThrowsException,org/mockito/internal/stubbing/answers/DefaultAnswerValidator,org/mockito/internal/stubbing/answers/DoesNothing,org/mockito/internal/stubbing/answers/InvocationInfo,org/mockito/internal/stubbing/answers/Returns,org/mockito/internal/stubbing/answers/ThrowsException,org/mockito/internal/stubbing/defaultanswers/ReturnsEmptyValues,org/mockito/internal/util/Checks,org/mockito/internal/util/DefaultMockingDetails,org/mockito/internal/util/KotlinInlineClassUtil,org/mockito/internal/util/MockCreationValidator,org/mockito/internal/util/MockNameImpl,org/mockito/internal/util/MockUtil,org/mockito/internal/util/ObjectMethodsGuru,org/mockito/internal/util/Primitives,org/mockito/internal/util/Supplier,org/mockito/internal/util/collections/HashCodeAndEqualsMockWrapper,org/mockito/internal/util/collections/HashCodeAndEqualsSafeSet,org/mockito/internal/util/collections/Sets,org/mockito/internal/util/concurrent/DetachedThreadLocal,org/mockito/internal/util/concurrent/WeakConcurrentMap,org/mockito/internal/util/concurrent/WeakConcurrentSet,org/mockito/internal/util/reflection/FieldReader,org/mockito/internal/util/reflection/GenericMetadataSupport,org/mockito/internal/util/reflection/InstrumentationMemberAccessor,org/mockito/internal/verification/DefaultRegisteredInvocations,org/mockito/internal/verification/MockAwareVerificationMode,org/mockito/internal/verification/NoMoreInteractions,org/mockito/internal/verification/RegisteredInvocations,org/mockito/internal/verification/Times,org/mockito/internal/verification/VerificationDataImpl,org/mockito/internal/verification/VerificationEventImpl,org/mockito/internal/verification/VerificationModeFactory,org/mockito/internal/verification/api/VerificationData,org/mockito/internal/verification/checkers/MissingInvocationChecker,org/mockito/internal/verification/checkers/NumberOfInvocationsChecker,org/mockito/invocation/Invocation,org/mockito/invocation/InvocationOnMock,org/mockito/invocation/Location,org/mockito/invocation/MatchableInvocation,org/mockito/invocation/MockHandler,org/mockito/junit/MockitoJUnitRunner,org/mockito/listeners/MockCreationListener,org/mockito/mock/MockCreationSettings,org/mockito/mock/MockName,org/mockito/mock/SerializableMode,org/mockito/plugins/AnnotationEngine,org/mockito/plugins/DoNotMockEnforcer,org/mockito/plugins/MemberAccessor,org/mockito/plugins/MockMaker,org/mockito/stubbing/Answer,org/mockito/stubbing/OngoingStubbing,org/mockito/stubbing/Stubber,org/mockito/stubbing/Stubbing,org/mockito/stubbing/ValidableAnswer,org/mockito/verification/VerificationMode,org/mockito/verification/VerificationStrategy,org/slf4j/Logger,org/slf4j/LoggerFactory,org/slf4j/spi/SLF4JServiceProvider
testSetStarting,0,0,0,0,1,0,0,1,0,1,0,1,0,0,0,0,0,0,0,1,1,1,1,0,1,0,0,1,1,1,0,0,0,0,0,0,0,0,0,0,0,0,0,1,0,0,0,0,0,0,0,0,0,0,0,0,0,0,0,0,0,0,0,0,0,0,0,0,0,0,0,0,0,0,0,0,0,0,0,0,0,0,0,0,0,0,0,0,0,0,0,0,0,0,0,0,0,0,0,0,0,0,0,0,0,0,0,0,0,0,0,0,0,0,0,0,0,0,0,0,0,0,0,0,0,0,0,0,1,1,0,0,1,0,0,0,0,0,1,0,0,0,0,0,0,0,1,0,1,1,1,0,0,1,0,0,0,0,1,1,1,1,1,0,1,0,0,0,1,1,0,0,0,0,0,1,1,1,0,1,1,1,1,1,1,0,0,0,0,0,0,1,1,0,0,1,0,1,0,0,0,1,0,1,1,1,1,1,0,1,1,0,1,0,0,0,1,1,0,1,1,0,1,1,1,1,0,0,0,0,1,0,1,1,1,1,0,1,1,1,1,1,0,0,1,1,1,0,1,1,1,0,0,0,0,0,0,0,0,0,1,1,0,1,0,1,1,0,0,0,0,1,1,0,0,1,0,0,0,0,0,0,0,0,1,1,0,1,1,0,1,0,1,0,0,1,1,1,1,1,0,1,1,0,0,0,1,0,1,1,1,0,0,1,1,0,0,1,1,0,0,1,1,1,0,0,1,0,0,0,0,0,0,0,0,0,0,0,0,0,1,1,1,1,1,1,1,1,0,1,1,1,1,1,0,0,0,1,0,1,1,1,1,1,1,0,1,1,1,1,1,1,1,1,0,1,1,1,1,1,1,0,1,1,0,1,1,0,0,0,0,0,0,1,1,0,1,1,1,1,1,1,1,1,1,1,1,0,0,0,0,0,1,1,1,1,1,1,1,0,0,1,1,0,1,1,1,1,1,1,1,1,1,1,1,1,0,0,0,0,1,1,0,0,1,1,1,1,1,1,1,1,1,1,1,1,1,1,1,0,1,1,0,0,1,1,1,0,0,1,1,1,1,1,0,1,1,1,1,1,1
testSetCompleted,0,0,0,0,1,0,0,1,0,1,0,1,0,0,0,0,0,0,0,1,1,1,1,0,1,0,0,1,1,1,0,0,0,0,0,0,0,0,0,0,0,0,0,1,0,0,0,0,0,0,0,0,0,0,0,0,0,0,0,0,0,0,0,0,0,0,0,0,0,0,0,0,0,0,0,0,0,0,0,0,0,0,0,0,0,0,0,0,0,0,0,0,0,0,0,0,0,0,0,0,0,0,0,0,0,0,0,0,0,0,0,0,0,0,0,0,0,0,0,0,0,0,0,0,0,0,0,0,1,1,0,0,1,0,0,0,0,0,1,0,0,0,0,0,0,0,1,0,1,1,1,0,0,1,0,0,0,0,1,1,1,1,1,0,1,0,0,0,1,1,0,0,0,0,0,1,1,1,0,1,1,1,1,1,1,0,0,0,0,0,0,1,1,0,0,1,0,1,0,0,0,1,0,1,1,1,1,1,0,1,1,0,1,0,0,0,0,0,0,1,1,0,1,0,1,1,0,0,0,0,1,0,1,1,1,1,0,1,1,1,1,1,0,0,1,1,1,0,1,1,1,0,0,0,0,0,0,0,0,0,1,1,0,1,0,1,1,0,0,0,0,1,1,0,0,1,0,0,0,0,0,0,0,0,1,1,0,1,1,0,1,0,1,0,0,1,1,1,1,1,0,1,1,0,0,0,1,0,1,1,1,0,0,1,1,0,0,1,1,0,0,1,1,1,0,0,1,0,0,0,0,0,0,0,0,0,0,0,0,0,1,1,1,1,1,1,1,1,0,1,1,1,1,1,0,0,0,1,0,1,1,1,1,1,1,0,1,1,1,1,1,1,1,1,0,1,1,1,1,1,1,0,1,1,0,1,1,0,0,0,0,0,0,1,1,0,1,1,1,1,1,1,1,1,1,1,1,0,0,0,0,0,1,1,1,1,1,1,1,0,0,1,1,0,1,1,1,1,1,1,1,1,1,1,1,1,0,0,0,0,1,1,0,0,1,1,1,1,1,1,1,1,1,1,1,1,1,1,1,0,1,1,0,0,1,1,1,0,0,1,1,1,1,1,0,1,1,1,1,1,1
testStarting,0,0,0,0,1,0,0,1,0,1,0,1,0,0,0,0,0,0,0,1,1,1,1,0,1,0,0,1,1,1,0,0,0,0,0,0,0,0,0,0,0,0,0,1,0,0,0,0,0,0,0,0,0,0,0,0,0,0,0,0,0,0,0,0,0,0,0,0,0,0,0,0,0,0,0,0,0,0,0,0,0,0,0,0,0,0,0,0,0,0,0,0,0,0,0,0,0,0,0,0,0,0,0,0,0,0,0,0,0,0,0,0,0,0,0,0,0,0,0,0,0,0,0,0,0,0,0,0,1,1,0,0,1,0,0,0,0,0,1,0,0,0,0,0,0,0,1,0,1,1,1,0,0,1,0,0,0,0,0,1,0,1,0,0,0,0,0,0,0,1,0,0,0,0,0,1,1,1,0,0,0,0,0,1,1,0,0,0,0,0,0,0,1,0,0,1,0,1,0,0,0,1,0,0,1,0,1,0,0,1,0,0,1,0,0,0,0,0,0,1,1,0,1,0,1,0,0,0,0,0,1,0,1,1,1,0,0,0,0,1,0,0,0,0,1,0,0,0,1,1,1,0,0,0,0,0,0,0,0,0,0,1,0,1,0,0,0,0,0,0,0,0,0,0,0,0,0,0,0,0,0,0,0,0,1,0,0,0,0,0,1,0,1,0,0,0,1,1,0,1,0,1,0,0,0,0,1,0,1,1,0,0,0,1,1,0,0,0,1,0,0,1,1,1,0,0,1,0,0,0,0,0,0,0,0,0,0,0,0,0,1,1,1,1,1,1,1,1,0,1,1,1,1,1,0,0,0,1,0,1,0,1,0,1,1,0,1,1,1,1,1,1,1,1,0,0,1,0,1,1,1,0,1,1,0,1,1,0,0,0,0,0,0,1,0,0,1,1,1,1,1,1,1,1,1,1,1,0,0,0,0,0,1,1,1,1,1,1,0,0,0,0,1,0,1,1,0,1,1,0,1,1,1,1,1,1,0,0,0,0,0,1,0,0,1,1,1,0,0,1,0,0,0,0,0,0,0,1,1,0,1,1,0,0,1,1,1,0,0,1,1,1,1,0,0,1,0,0,1,0,0
testSucceeded,0,0,0,0,1,0,0,1,0,1,0,1,0,0,0,0,0,0,0,1,1,1,1,0,1,0,0,1,1,1,0,0,0,0,0,0,0,0,0,0,0,0,0,1,0,0,0,0,0,0,0,0,0,0,0,0,0,0,0,0,0,0,0,0,0,0,0,0,0,0,0,0,0,0,0,0,0,0,0,0,0,0,0,0,0,0,0,0,0,0,0,0,0,0,0,0,0,0,0,0,0,0,0,0,0,0,0,0,0,0,0,0,0,0,0,0,0,0,0,0,0,0,0,0,0,0,0,0,1,1,0,0,1,0,0,0,0,0,1,0,0,0,0,0,0,0,1,0,1,1,1,0,0,1,0,0,0,0,0,1,0,1,0,0,0,0,0,0,0,1,0,0,0,0,0,1,1,1,0,0,0,0,0,1,1,0,0,0,0,0,0,0,1,0,0,1,0,1,0,0,0,1,0,0,1,0,1,0,0,1,0,0,1,0,0,0,0,0,0,1,1,0,1,0,1,0,0,0,0,0,1,0,1,1,1,0,0,0,0,1,0,0,0,0,1,0,0,0,1,1,1,0,0,0,0,0,0,0,0,0,0,1,0,1,0,0,0,0,0,0,0,1,1,0,0,0,0,0,0,0,0,0,0,0,1,1,0,1,1,0,1,0,0,0,0,0,1,1,0,1,0,1,1,0,0,0,1,0,0,1,1,0,0,1,1,0,0,0,1,0,0,1,1,1,0,0,1,0,0,0,0,0,0,0,0,0,0,0,0,0,1,1,1,1,1,1,1,1,0,1,1,1,1,1,0,0,0,1,0,1,0,1,0,1,1,0,1,1,1,1,1,1,1,1,0,0,1,0,1,1,1,0,1,1,0,1,1,0,0,0,0,0,0,1,0,0,1,1,1,1,1,1,1,1,1,1,0,0,0,0,0,0,1,1,1,1,1,1,0,0,0,0,1,0,1,1,0,1,1,0,1,1,1,1,1,1,0,0,0,0,1,1,0,0,1,1,1,0,0,1,0,0,0,0,0,0,0,1,1,0,1,1,0,0,1,1,1,0,0,1,1,1,1,0,0,1,0,0,1,0,0
testError,0,0,0,0,1,0,0,1,0,1,0,1,0,0,0,0,0,0,0,1,1,1,1,0,1,0,0,1,1,1,0,0,0,0,0,0,0,0,0,0,0,0,0,1,0,0,0,0,0,0,0,0,0,0,0,0,0,0,0,0,0,0,0,0,0,0,0,0,0,0,0,0,0,0,0,0,0,0,0,0,0,0,0,0,0,0,0,0,0,0,0,0,0,0,0,0,0,0,0,0,0,0,0,0,0,0,0,0,0,0,0,0,0,0,0,0,0,0,0,0,0,0,0,0,0,0,0,0,1,1,0,0,1,0,0,0,0,0,1,0,0,0,0,0,0,0,1,0,1,1,1,0,0,1,0,0,0,0,0,1,1,1,1,0,1,0,0,0,0,1,0,0,0,0,0,1,1,1,0,1,0,1,1,1,1,0,0,0,0,0,0,1,1,1,1,1,1,1,1,1,1,1,1,1,1,1,1,1,0,1,1,1,1,1,1,1,1,1,1,1,1,1,1,1,1,1,1,1,1,1,1,1,1,1,1,1,1,1,1,1,1,1,1,0,1,1,1,0,1,1,1,0,0,1,1,1,0,1,1,1,1,1,0,1,0,1,1,1,1,1,1,1,1,1,1,1,1,1,1,1,1,1,1,1,1,1,1,1,1,1,1,1,1,0,1,1,1,1,1,1,1,1,1,1,1,1,1,1,1,1,1,1,1,1,1,0,0,1,1,0,0,1,1,1,0,0,1,0,0,0,0,0,0,0,0,0,0,0,0,0,1,1,1,1,1,1,1,1,0,1,1,1,1,1,0,0,0,1,0,1,1,1,1,1,1,0,1,1,1,1,1,1,1,1,0,1,1,1,1,1,1,0,1,1,0,1,1,0,0,0,0,0,0,1,1,0,1,1,1,1,1,1,1,1,1,1,1,0,0,0,0,0,1,1,1,1,1,1,1,0,0,1,1,0,1,1,1,1,1,1,1,1,1,1,1,1,0,0,0,0,1,1,0,0,1,1,1,1,1,1,1,1,1,1,1,1,1,1,1,0,1,1,0,0,1,1,1,0,0,1,1,1,1,1,0,1,1,1,1,1,1
testOutput,0,1,1,1,1,1,1,1,1,1,1,1,1,1,1,1,1,1,1,1,1,1,1,1,1,1,1,1,1,1,1,1,1,1,1,1,1,1,1,1,1,1,1,1,1,1,1,1,1,1,1,1,1,1,1,1,1,1,1,1,1,1,1,1,1,1,1,1,1,1,1,1,1,1,1,1,1,1,1,1,1,1,1,1,1,1,1,1,1,1,1,1,1,1,1,1,1,1,1,1,1,1,1,1,1,1,1,1,1,1,1,1,1,1,1,1,1,1,1,1,1,1,1,1,1,1,1,1,1,1,1,1,1,1,1,1,1,1,1,1,1,1,1,1,1,1,1,1,1,1,1,1,1,1,1,1,1,1,1,1,1,1,1,1,1,0,0,1,1,1,1,1,1,1,1,1,1,1,1,1,1,1,1,1,1,1,1,1,1,1,1,1,1,1,1,1,1,1,1,1,1,1,1,1,1,1,1,1,1,1,1,1,1,1,1,1,1,1,1,1,1,1,1,1,1,1,1,1,1,1,1,1,1,1,1,1,1,1,1,1,1,1,1,1,1,1,1,1,1,1,1,1,1,1,1,1,1,1,1,1,1,1,1,1,1,1,1,1,1,1,1,1,1,1,1,1,1,1,1,1,1,1,1,1,1,1,1,1,1,1,1,1,1,1,1,1,1,1,1,1,1,1,1,1,1,1,1,1,1,1,1,1,1,1,1,1,1,1,1,1,1,1,1,1,1,1,1,1,1,1,1,1,1,1,1,1,1,1,1,1,1,1,1,1,1,1,1,1,1,1,1,1,1,1,1,1,1,1,1,1,1,1,1,1,1,1,1,1,1,1,1,1,1,1,1,1,1,1,1,1,1,1,1,1,1,1,1,1,1,1,1,1,1,1,1,1,1,1,1,1,1,1,1,1,1,1,1,1,1,1,1,1,1,1,1,1,1,1,1,1,1,1,1,1,1,1,1,1,1,1,1,1,1,1,1,1,1,1,1,1,1,1,1,1,1,1,1,1,1,1,1,1,1,1,1,1,1,1,1,1,1,1,1,1,1,1,1,1,1,1,1,1,1,1,1,1,1,1,1,1,1
testRunStarted,0,1,1,1,1,1,1,1,1,1,1,1,1,1,1,1,1,1,1,1,1,1,1,1,1,1,1,1,1,1,1,1,1,1,1,1,1,1,1,1,1,1,1,1,1,1,1,1,1,1,1,1,1,1,1,1,1,1,1,1,1,1,1,1,1,1,1,1,1,1,1,1,1,1,1,1,1,1,1,1,1,1,1,1,1,1,1,1,1,1,1,1,1,1,1,1,1,1,1,1,1,1,1,1,1,1,1,1,1,1,1,1,1,1,1,1,1,1,1,1,1,1,1,1,1,1,1,1,1,1,1,1,1,1,1,1,1,1,1,1,1,1,1,1,1,1,1,1,1,1,1,1,1,1,1,1,1,1,1,1,1,1,1,1,1,0,0,1,1,1,1,1,1,1,1,1,1,1,1,1,1,1,1,1,1,1,1,1,1,1,1,1,1,1,1,1,1,1,1,1,1,1,1,1,1,1,1,1,0,1,1,1,1,1,1,1,1,1,1,1,1,1,1,1,1,1,1,1,1,1,1,1,1,1,1,1,1,1,1,1,1,1,1,1,1,1,1,1,1,1,1,1,1,1,1,1,1,1,1,1,1,1,1,1,1,1,1,1,1,1,1,1,1,1,1,1,1,1,1,1,1,1,1,1,1,1,1,1,1,1,1,1,1,1,1,1,1,1,1,1,1,1,1,1,1,1,1,1,1,1,1,1,1,1,1,1,1,1,1,1,1,1,1,1,1,1,1,1,1,1,1,1,1,1,1,1,1,1,1,1,1,1,1,1,1,1,1,1,1,1,1,1,1,1,1,1,1,1,1,1,1,1,1,1,1,1,1,1,1,1,1,1,1,1,1,1,1,1,1,1,1,1,1,1,1,1,1,1,1,1,1,1,1,1,1,1,1,1,1,1,1,1,1,1,1,1,1,1,1,1,1,1,1,1,1,1,1,1,1,1,1,1,1,1,1,1,1,1,1,1,1,1,1,1,1,1,1,1,1,1,1,1,1,1,1,1,1,1,1,1,1,1,1,1,1,1,1,1,1,1,1,1,1,1,1,1,1,1,1,1,1,1,1,1,1,1,1,1,1,1,1
testRunFinished,1,0,0,0,0,0,0,0,0,0,0,0,0,0,0,0,0,0,0,0,0,0,0,0,0,0,0,0,0,0,0,0,0,0,0,0,0,0,0,0,0,0,0,0,0,0,0,0,0,0,0,0,0,0,0,0,0,0,0,0,0,0,0,0,0,0,0,0,0,0,0,0,0,0,0,0,0,0,0,0,0,0,0,0,0,0,0,0,0,0,0,0,0,0,0,0,0,0,0,0,0,0,0,0,0,0,0,0,0,0,0,0,0,0,0,0,0,0,0,0,0,0,0,0,0,0,0,0,0,0,0,0,0,0,0,0,0,0,0,0,0,0,0,0,0,0,0,0,0,0,0,0,0,0,0,0,0,0,0,0,0,0,0,0,0,0,0,0,0,0,0,0,0,0,0,0,0,0,0,0,0,0,0,0,0,0,0,0,0,0,0,0,0,0,0,0,0,0,0,0,0,0,0,0,0,0,0,0,0,0,0,0,0,0,0,0,0,0,0,0,0,0,0,0,0,0,0,0,0,0,0,0,0,0,0,0,0,0,0,0,0,0,0,0,0,0,0,0,0,0,0,0,0,0,0,0,0,0,0,0,0,0,0,0,0,0,0,0,0,0,0,0,0,0,0,0,0,0,0,0,0,0,0,0,0,0,0,0,0,0,0,0,0,0,0,0,0,0,0,0,0,0,0,0,0,0,0,0,0,0,0,0,0,0,0,0,0,0,0,0,0,0,0,0,0,0,0,0,0,0,0,0,0,0,0,0,0,0,0,0,0,0,0,0,0,0,0,0,0,0,0,0,0,0,0,0,0,0,0,0,0,0,0,0,0,0,0,0,0,0,0,0,0,0,0,0,0,0,0,0,0,0,0,0,0,0,0,0,0,0,0,0,0,0,0,0,0,0,0,0,0,0,0,0,0,0,0,0,0,0,0,0,0,0,0,0,0,0,0,0,0,0,0,0,0,0,0,0,0,0,0,0,0,0,0,0,0,0,0,0,0,0,0,0,0,0,0,0,0,0,0,0,0,0,0,0,0,0,0,0,0,0,0,0,0,0,0,0,0,0,0,0,0,0,0,0,0,0,0,0,0
testSuiteStarted,0,0,0,0,1,0,0,1,0,1,0,1,0,0,0,0,0,0,0,1,1,1,1,0,1,0,0,1,1,1,0,0,0,0,0,0,0,0,0,0,0,0,0,1,0,0,0,0,0,0,0,0,0,0,0,0,0,0,0,0,0,0,0,0,0,0,0,0,0,0,0,0,0,0,0,0,0,0,0,0,0,0,0,0,0,0,0,0,0,0,0,0,0,0,0,0,0,0,0,0,0,0,0,0,0,0,0,0,0,0,0,0,0,0,0,0,0,0,0,0,0,0,0,0,0,0,0,0,1,1,0,0,1,0,0,0,0,0,1,0,0,0,0,0,0,0,1,0,1,1,1,0,0,1,0,0,0,0,1,1,1,1,1,0,1,0,0,0,1,1,0,0,0,0,0,1,1,1,0,1,1,1,1,1,1,0,0,0,0,0,0,1,1,0,0,1,0,1,0,0,1,1,0,1,1,1,1,1,0,1,1,0,1,0,0,1,1,1,0,1,1,0,1,1,1,1,0,0,0,0,1,0,1,1,1,1,1,1,1,1,1,1,0,0,1,1,1,0,1,1,1,0,0,0,0,0,0,0,0,0,1,1,0,1,0,1,1,0,0,0,0,1,1,1,1,1,1,1,1,1,1,1,1,1,1,1,1,1,1,0,1,1,1,0,1,1,1,1,1,1,1,1,1,1,1,1,1,1,1,1,1,1,1,1,1,0,0,1,1,0,0,1,1,1,0,0,1,0,0,0,0,0,0,0,0,0,0,0,0,0,1,1,1,1,1,1,1,1,0,1,1,1,1,1,0,0,0,1,0,1,1,1,1,1,1,0,1,1,1,1,1,1,1,1,0,1,1,1,1,1,1,0,1,1,0,1,1,0,0,0,0,0,0,1,1,0,1,1,1,1,1,1,1,1,1,1,1,0,0,0,0,0,1,1,1,1,1,1,1,0,0,1,1,0,1,1,1,1,1,1,1,1,1,1,1,1,0,0,0,0,1,1,0,0,1,1,1,1,1,1,1,1,1,1,1,1,1,1,1,0,1,1,0,0,1,1,1,0,0,1,1,1,1,1,0,1,1,1,1,1,1
testSuiteFinished,0,0,0,0,1,0,0,1,0,1,0,1,0,0,0,0,0,0,0,1,1,1,1,0,1,0,0,1,1,1,0,0,0,0,0,0,0,0,0,0,0,0,0,1,0,0,0,0,0,0,0,0,0,0,0,0,0,0,0,0,0,0,0,0,0,0,0,0,0,0,0,0,0,0,0,0,0,0,0,0,0,0,0,0,0,0,0,0,0,0,0,0,0,0,0,0,0,0,0,0,0,0,0,0,0,0,0,0,0,0,0,0,0,0,0,0,0,0,0,0,0,0,0,0,0,0,0,0,1,1,0,0,1,0,0,0,0,0,1,0,0,0,0,0,0,0,1,0,1,1,1,0,0,1,0,0,0,0,1,1,1,1,1,0,1,0,0,0,1,1,0,0,0,0,0,1,1,1,0,1,1,1,1,1,1,0,0,0,0,0,0,1,1,0,0,1,0,1,0,0,0,1,0,0,1,1,1,1,0,1,0,0,1,0,0,0,0,0,0,1,1,0,1,0,1,1,0,0,0,0,1,0,1,1,1,1,0,0,0,1,1,1,0,0,1,1,1,0,1,1,1,0,0,0,0,0,0,0,0,0,1,1,0,1,0,1,1,0,0,0,0,1,1,0,0,1,0,0,0,0,0,0,0,0,1,1,0,1,1,0,1,0,1,0,0,1,1,1,0,1,0,1,1,0,0,0,1,0,1,1,1,0,0,1,1,0,0,1,1,0,0,1,1,1,0,0,1,0,0,0,0,0,0,0,0,0,0,0,0,0,1,1,1,1,1,1,1,1,0,1,1,1,1,1,0,0,0,1,0,1,1,1,1,1,1,0,1,1,1,1,1,1,1,1,0,1,1,1,1,1,1,0,1,1,0,1,1,0,0,0,0,0,0,1,1,0,1,1,1,1,1,1,1,1,1,1,1,0,0,0,0,0,1,1,1,1,1,1,1,0,0,1,1,0,1,1,1,1,1,1,1,1,1,1,1,1,0,0,0,0,1,1,0,0,1,1,1,1,1,1,1,1,1,1,1,1,1,1,1,0,1,1,0,0,1,1,1,0,0,1,1,1,1,1,0,1,1,1,1,1,1
testStarted,0,0,0,0,1,0,0,1,0,1,0,1,0,0,0,0,0,0,0,1,1,1,1,0,1,0,0,1,1,1,0,0,0,0,0,0,0,0,0,0,0,0,0,1,0,0,0,0,0,0,0,0,0,0,0,0,0,0,0,0,0,0,0,0,0,0,0,0,0,0,0,0,0,0,0,0,0,0,0,0,0,0,0,0,0,0,0,0,0,0,0,0,0,0,0,0,0,0,0,0,0,0,0,0,0,0,0,0,0,0,0,0,0,0,0,0,0,0,0,0,0,0,0,0,0,0,0,0,1,1,0,0,1,0,0,0,0,0,1,0,0,0,0,0,0,0,1,0,1,1,1,0,0,1,0,0,0,0,0,1,0,1,0,0,0,0,0,0,0,1,0,0,0,0,0,1,1,1,0,0,0,0,0,1,1,0,0,0,0,0,0,0,1,0,0,1,0,1,0,0,0,1,0,0,1,0,1,0,0,1,0,0,1,0,0,0,0,0,0,1,1,0,1,0,1,0,0,0,0,0,1,0,1,1,1,0,0,0,0,1,0,0,0,0,1,0,0,0,1,1,1,0,0,0,0,0,0,0,0,0,0,1,0,1,0,0,0,0,0,0,0,0,0,0,0,0,0,0,0,0,0,0,0,0,1,0,0,0,0,0,1,0,1,0,0,0,1,1,0,1,0,1,0,0,0,0,1,0,1,1,0,0,0,1,1,0,0,0,1,0,0,1,1,1,0,0,1,0,0,0,0,0,0,0,0,0,0,0,0,0,1,1,1,1,1,1,1,1,0,1,1,1,1,1,0,0,0,1,0,1,0,1,0,1,1,0,1,1,1,1,1,1,1,1,0,0,1,0,1,1,1,0,1,1,0,1,1,0,0,0,0,0,0,1,0,0,1,1,1,1,1,1,1,1,1,1,1,0,0,0,0,0,1,1,1,1,1,1,0,0,0,0,1,0,1,1,0,1,1,0,1,1,1,1,1,1,0,0,0,0,0,1,0,0,1,1,1,0,0,1,0,0,0,0,0,0,0,1,1,0,1,1,0,0,1,1,1,0,0,1,1,1,1,0,0,1,0,0,1,0,0
testFinished,0,0,0,0,1,0,0,1,0,1,0,1,0,0,0,0,0,0,0,1,1,1,1,0,1,0,0,1,1,1,0,0,0,0,0,0,0,0,0,0,0,0,0,1,0,0,0,0,0,0,0,0,0,0,0,0,0,0,0,0,0,0,0,0,0,0,0,0,0,0,0,0,0,0,0,0,0,0,0,0,0,0,0,0,0,0,0,0,0,0,0,0,0,0,0,0,0,0,0,0,0,0,0,0,0,0,0,0,0,0,0,0,0,0,0,0,0,0,0,0,0,0,0,0,0,0,0,0,1,1,0,0,1,0,0,0,0,0,1,0,0,0,0,0,0,0,1,0,1,1,1,0,0,1,0,0,0,0,0,1,0,1,0,0,0,0,0,0,0,1,0,0,0,0,0,1,1,1,0,0,0,0,0,1,1,0,0,0,0,0,0,0,1,0,0,1,0,1,0,0,0,1,0,0,1,0,1,0,0,1,0,0,1,0,0,0,0,0,0,1,1,0,1,0,1,0,0,0,0,0,1,0,1,1,1,0,0,0,0,1,0,0,0,0,1,0,0,0,1,1,1,0,0,0,0,0,0,0,0,0,0,1,0,1,0,0,0,0,0,0,0,1,1,0,0,0,0,0,0,0,0,0,0,0,1,1,0,1,1,0,1,0,1,0,0,0,1,1,0,1,0,1,1,0,0,0,1,0,0,1,1,0,0,1,1,0,0,0,1,0,0,1,1,1,0,0,1,0,0,0,0,0,0,0,0,0,0,0,0,0,1,1,1,1,1,1,1,1,0,1,1,1,1,1,0,0,0,1,0,1,0,1,0,1,1,0,1,1,1,1,1,1,1,1,0,0,1,0,1,1,1,0,1,1,0,1,1,0,0,0,0,0,0,1,0,0,1,1,1,1,1,1,1,1,1,1,0,0,0,0,0,0,1,1,1,1,1,1,0,0,0,0,1,0,1,1,0,1,1,0,1,1,1,1,1,1,0,0,0,0,1,1,0,0,1,1,1,0,0,1,0,0,0,0,0,0,0,1,1,0,1,1,0,0,1,1,1,0,0,1,1,1,1,0,0,1,0,0,1,0,0
testFailure,0,0,0,0,1,0,0,1,0,1,0,1,0,0,0,0,0,0,0,1,1,1,1,0,1,0,0,1,1,1,0,0,0,0,0,0,0,0,0,0,0,0,0,1,0,0,0,0,0,0,0,0,0,0,0,0,0,0,0,0,0,0,0,0,0,0,0,0,0,0,0,0,0,0,0,0,0,0,0,0,0,0,0,0,0,0,0,0,0,0,0,0,0,0,0,0,0,0,0,0,0,0,0,0,0,0,0,0,0,0,0,0,0,0,0,0,0,0,0,0,0,0,0,0,0,0,0,0,1,1,0,0,1,0,0,0,0,0,1,0,0,0,0,0,0,0,1,0,1,1,1,0,0,1,0,0,0,0,0,1,1,1,1,0,1,0,0,0,0,1,0,0,0,0,0,1,1,1,0,1,0,1,1,1,1,0,0,0,0,0,0,1,1,1,1,1,1,1,1,1,1,1,1,1,1,1,1,1,0,1,1,1,1,1,1,1,1,1,1,1,1,1,1,1,1,1,1,1,1,1,1,1,1,1,1,1,1,1,1,1,1,1,1,0,1,1,1,0,1,1,1,0,0,1,1,1,0,1,1,1,1,1,0,1,0,1,1,1,1,1,1,1,1,1,1,1,1,1,1,1,1,1,1,1,1,1,1,1,1,1,1,1,1,0,1,1,1,1,1,1,1,1,1,1,1,1,1,1,1,1,1,1,1,1,1,0,0,1,1,0,0,1,1,1,0,0,1,0,0,0,0,0,0,0,0,0,0,0,0,0,1,1,1,1,1,1,1,1,0,1,1,1,1,1,0,0,0,1,0,1,1,1,1,1,1,0,1,1,1,1,1,1,1,1,0,1,1,1,1,1,1,0,1,1,0,1,1,0,0,0,0,0,0,1,1,0,1,1,1,1,1,1,1,1,1,1,1,0,0,0,0,0,1,1,1,1,1,1,1,0,0,1,1,0,1,1,1,1,1,1,1,1,1,1,1,1,0,0,0,0,1,1,0,0,1,1,1,1,1,1,1,1,1,1,1,1,1,1,1,0,1,1,0,0,1,1,1,0,0,1,1,1,1,1,0,1,1,1,1,1,1
testDescribeMismatch,0,1,1,1,1,1,1,1,1,1,1,1,1,1,1,1,1,1,1,1,1,1,1,1,1,1,1,1,1,1,1,1,1,1,1,1,1,1,1,1,1,1,1,1,1,1,1,1,1,1,1,1,1,1,1,1,1,1,1,1,1,1,1,1,1,1,1,1,1,1,1,1,1,1,1,1,1,1,1,1,1,1,1,1,1,1,1,1,1,1,1,1,1,1,1,1,1,1,1,1,1,1,1,1,1,1,1,1,1,1,1,1,1,1,1,1,1,1,1,1,1,1,1,1,1,1,1,1,1,1,1,1,1,1,1,1,1,1,1,1,1,1,1,1,1,1,1,1,1,1,1,1,1,1,1,1,1,1,1,1,1,1,1,1,1,1,1,1,1,1,1,1,1,1,1,1,1,1,1,1,1,1,1,1,1,1,1,1,1,1,1,1,1,1,1,1,1,1,1,1,1,1,1,1,1,1,1,1,0,1,1,1,1,1,1,1,1,1,1,1,1,1,1,1,1,1,1,1,1,1,1,1,1,1,1,1,1,1,1,1,1,1,1,1,1,1,1,1,1,1,1,1,1,1,1,1,1,1,1,1,1,1,1,1,1,1,1,1,1,1,1,1,1,1,1,1,1,1,1,1,1,1,1,1,1,1,1,1,1,1,1,1,1,1,1,1,1,1,1,1,1,1,1,1,1,1,1,1,1,1,1,1,1,1,1,1,1,1,1,1,1,1,1,1,1,1,1,1,1,1,1,1,1,1,1,1,1,1,1,1,1,1,1,1,1,1,1,1,1,1,1,1,1,1,1,1,1,1,1,1,1,1,1,1,1,1,1,1,1,1,1,1,1,1,1,1,1,1,1,1,1,1,1,1,1,1,1,1,1,1,1,1,1,1,1,1,1,1,1,1,1,1,1,1,1,1,1,1,1,1,1,1,1,1,1,1,1,1,1,1,1,1,1,1,1,1,1,1,1,1,1,1,1,1,1,1,1,1,1,1,1,1,1,1,1,1,1,1,1,1,1,1,1,1,1,1,1,1,1,1,1,1,1,1,1,1,1,1,1,1,1,1,1,1,1,1,1,1,1,1,1
testToString_emptyBody_noEncoding,0,0,0,0,0,0,0,0,0,0,0,0,0,0,0,0,0,0,0,0,0,0,0,0,0,0,0,0,0,0,0,0,0,0,0,0,0,0,0,0,0,0,0,0,0,0,0,0,0,0,0,0,0,0,0,0,0,0,0,0,0,0,0,0,0,0,0,0,0,0,0,0,0,0,0,0,0,0,0,0,0,0,0,0,0,0,0,0,0,0,0,0,0,0,0,0,0,0,0,0,0,0,0,0,0,0,0,0,0,0,0,0,0,0,0,0,0,0,0,0,0,0,0,0,0,0,0,0,0,0,0,0,0,0,0,0,0,0,0,0,0,0,0,0,0,0,0,0,0,0,0,0,0,0,0,0,0,0,0,0,0,1,1,0,0,0,0,0,0,0,0,0,0,0,0,1,0,0,0,0,0,1,1,1,1,0,0,0,0,0,0,1,1,1,1,1,1,1,1,1,1,1,1,1,1,0,1,0,0,1,1,1,1,1,1,1,1,1,1,1,1,1,1,1,1,1,1,1,1,1,1,1,1,1,1,0,1,1,1,1,0,0,1,0,1,1,0,0,1,1,1,0,0,1,1,1,0,1,1,1,0,1,0,1,0,1,1,1,1,1,1,1,1,1,1,0,1,1,1,1,1,1,1,1,1,1,1,1,1,1,1,1,1,0,1,1,1,1,1,1,1,1,1,1,1,1,1,1,1,1,1,1,1,0,0,0,0,0,1,0,0,0,0,1,0,0,1,0,0,0,0,0,0,0,0,0,0,0,0,0,0,0,0,0,0,0,0,0,0,0,0,0,1,0,0,0,0,0,0,0,0,0,0,0,0,0,0,0,0,0,0,0,0,0,0,0,0,0,0,0,0,0,0,0,0,0,0,0,0,0,0,0,0,0,0,0,0,0,0,0,1,0,1,1,0,1,1,0,0,0,0,0,0,0,0,0,0,0,0,0,0,0,0,0,0,0,0,0,0,0,0,0,0,0,0,0,0,0,0,0,1,1,0,0,0,0,0,0,0,0,0,0,0,0,0,0,0,0,0,0,0,0,0,0,0,0,0,0,0,0,0,0,0,0,0,0,0,0,0,0,0
testToString_nonemptyBody_withEncoding,0,0,0,0,0,0,0,0,0,0,0,0,0,0,0,0,0,0,0,0,0,0,0,0,0,0,0,0,0,0,0,0,0,0,0,0,0,0,0,0,0,0,0,0,0,0,0,0,0,0,0,0,0,0,0,0,0,0,0,0,0,0,0,0,0,0,0,0,0,0,0,0,0,0,0,0,0,0,0,0,0,0,0,0,0,0,0,0,0,0,0,0,0,0,0,0,0,0,0,0,0,0,0,0,0,0,0,0,0,0,0,0,0,0,0,0,0,0,0,0,0,0,0,0,0,0,0,0,0,0,0,0,0,0,0,0,0,0,0,0,0,0,0,0,0,0,0,0,0,0,0,0,0,0,0,0,0,0,0,0,0,1,1,0,0,0,0,0,0,0,0,0,0,0,0,1,0,0,0,0,0,1,1,1,1,0,0,0,0,0,0,1,1,1,1,1,1,1,1,1,1,1,1,1,1,0,1,0,0,1,1,1,1,1,1,1,1,1,1,1,1,1,1,1,1,1,1,1,1,1,1,1,1,1,1,0,1,1,1,1,0,0,1,0,1,1,0,0,1,1,1,0,0,1,1,1,0,1,1,1,0,1,0,1,0,1,1,1,1,1,1,1,1,1,1,0,1,1,1,1,1,1,1,1,1,1,1,1,1,1,1,1,1,0,1,1,1,1,1,1,1,1,1,1,1,1,1,1,1,1,1,1,1,0,0,0,0,0,1,0,0,0,0,1,0,0,1,0,0,0,0,0,0,0,0,0,0,0,0,0,0,0,0,0,0,0,0,0,0,0,0,0,1,0,0,0,0,0,0,0,0,0,0,0,0,0,0,0,0,0,0,0,0,0,0,0,0,0,0,0,0,0,0,0,0,0,0,0,0,0,0,0,0,0,0,0,0,0,0,0,1,0,1,1,0,1,1,0,0,0,0,0,0,0,0,0,0,0,0,0,0,0,0,0,0,0,0,0,0,0,0,0,0,0,0,0,0,0,0,0,1,1,0,0,0,0,0,0,0,0,0,0,0,0,0,0,0,0,0,0,0,0,0,0,0,0,0,0,0,0,0,0,0,0,0,0,0,0,0,0,0
testToString,0,0,0,0,1,0,0,0,0,0,0,0,0,0,0,0,0,0,0,0,0,0,0,0,0,0,0,0,0,0,0,0,0,0,0,0,0,0,0,0,0,0,0,0,0,0,0,0,0,0,0,0,0,0,0,0,0,0,0,0,0,0,0,0,0,0,0,0,0,0,0,0,0,0,0,0,0,0,0,0,0,0,0,0,0,0,0,0,0,0,0,0,0,0,0,0,0,0,0,0,0,0,0,0,0,0,0,0,0,0,0,0,0,0,0,0,0,0,0,0,0,0,0,0,0,0,0,0,0,0,0,0,0,0,0,0,0,0,0,0,0,0,0,0,0,0,0,0,1,0,0,0,0,0,0,0,0,0,0,0,0,1,0,0,0,0,0,0,0,1,1,0,1,0,0,1,0,0,0,0,0,1,1,1,1,0,0,0,0,0,0,0,1,1,1,1,1,1,1,1,1,1,1,1,1,0,1,0,0,1,1,1,1,1,1,1,1,1,1,1,1,1,1,1,1,1,1,1,1,1,1,1,1,1,1,0,1,1,1,1,0,0,1,1,1,1,0,0,1,1,1,1,1,1,1,1,0,1,1,1,0,1,0,1,0,1,1,1,1,1,1,1,1,1,1,0,1,1,1,1,1,1,1,1,1,1,1,1,1,1,1,1,1,0,1,1,1,1,1,1,1,1,1,1,1,1,1,1,1,1,1,1,1,1,1,0,0,0,1,0,0,1,1,1,0,0,1,0,0,0,0,0,0,0,0,0,0,0,0,0,1,1,1,1,1,1,1,0,0,1,1,1,1,1,0,0,0,1,0,1,0,1,0,1,1,0,1,1,1,1,1,1,1,1,0,0,1,0,1,1,1,1,1,1,0,1,1,0,0,0,0,0,0,1,0,0,0,1,1,1,1,1,1,1,1,1,1,0,0,0,0,0,1,1,1,1,1,1,1,0,0,0,1,0,1,1,0,1,1,0,1,1,1,1,1,1,0,0,0,0,1,1,0,0,1,1,1,0,0,1,0,0,0,0,0,0,0,1,1,0,1,1,0,0,1,1,1,0,0,1,1,1,1,1,0,1,0,0,0,0,0
testToStringBinaryBody,0,0,0,0,0,0,0,0,0,0,0,0,0,0,0,0,0,0,0,0,0,0,0,0,0,0,0,0,0,0,0,0,0,0,0,0,0,0,0,0,0,0,0,0,0,0,0,0,0,0,0,0,0,0,0,0,0,0,0,0,0,0,0,0,0,0,0,0,0,0,0,0,0,0,0,0,0,0,0,0,0,0,0,0,0,0,0,0,0,0,0,0,0,0,0,0,0,0,0,0,0,0,0,0,0,0,0,0,0,0,0,0,0,0,0,0,0,0,0,0,0,0,0,0,0,0,0,0,0,0,0,0,0,0,0,0,0,0,0,0,0,0,0,0,0,0,0,0,0,0,0,0,0,0,0,0,0,0,0,0,0,1,0,0,0,0,0,0,0,0,0,0,0,0,0,1,0,0,0,0,0,1,1,1,1,0,0,0,0,0,0,0,1,1,1,1,1,1,1,1,1,1,1,1,1,0,1,0,0,1,1,1,1,1,1,1,1,1,1,1,1,1,1,1,1,1,1,1,1,1,1,1,1,1,1,0,1,1,1,1,0,0,1,0,1,1,0,0,1,1,1,0,0,1,1,1,0,1,1,1,0,1,0,1,0,1,1,1,1,1,1,1,1,1,1,0,1,1,1,1,1,1,1,1,1,1,1,1,1,1,1,1,1,0,1,1,1,1,1,1,1,1,1,1,1,1,1,1,1,1,1,1,1,0,0,0,0,0,1,0,0,0,0,1,0,0,1,0,0,0,0,0,0,0,0,0,0,0,0,0,0,0,0,0,0,0,0,0,0,0,0,0,1,0,0,0,0,0,0,0,0,0,0,0,0,0,0,0,0,0,0,0,0,0,0,0,0,0,0,0,0,0,0,0,0,0,0,0,0,0,0,0,0,0,0,0,0,0,0,0,1,0,1,1,0,1,1,0,0,0,0,0,0,0,0,0,0,0,0,0,0,0,0,0,0,0,0,0,0,0,0,0,0,0,0,0,0,0,0,0,1,1,0,0,0,0,0,0,0,0,0,0,0,0,0,0,0,0,0,0,0,0,0,0,0,0,0,0,0,0,0,0,0,0,0,0,0,0,0,0,0
testToStringStringBody,0,0,0,0,0,0,0,0,0,0,0,0,0,0,0,0,0,0,0,0,0,0,0,0,0,0,0,0,0,0,0,0,0,0,0,0,0,0,0,0,0,0,0,0,0,0,0,0,0,0,0,0,0,0,0,0,0,0,0,0,0,0,0,0,0,0,0,0,0,0,0,0,0,0,0,0,0,0,0,0,0,0,0,0,0,0,0,0,0,0,0,0,0,0,0,0,0,0,0,0,0,0,0,0,0,0,0,0,0,0,0,0,0,0,0,0,0,0,0,0,0,0,0,0,0,0,0,0,0,0,0,0,0,0,0,0,0,0,0,0,0,0,0,0,0,0,0,0,0,0,0,0,0,0,0,0,0,0,0,0,0,1,0,0,0,0,0,0,0,0,0,0,0,0,0,1,0,0,0,0,0,1,1,1,1,0,0,0,0,0,0,1,1,1,1,1,1,1,1,1,1,1,1,1,1,0,1,0,0,1,1,1,1,1,1,1,1,1,1,1,1,1,1,1,1,1,1,1,1,1,1,1,1,1,1,0,1,1,1,1,0,0,1,0,1,1,0,0,1,1,1,0,0,1,1,1,0,1,1,1,0,1,0,1,0,1,1,1,1,1,1,1,1,1,1,0,1,1,1,1,1,1,1,1,1,1,1,1,1,1,1,1,1,0,1,1,1,1,1,1,1,1,1,1,1,1,1,1,1,1,1,1,1,0,0,0,0,0,1,0,0,0,0,1,0,0,1,0,0,0,0,0,0,0,0,0,0,0,0,0,0,0,0,0,0,0,0,0,0,0,0,0,1,0,0,0,0,0,0,0,0,0,0,0,0,0,0,0,0,0,0,0,0,0,0,0,0,0,0,0,0,0,0,0,0,0,0,0,0,0,0,0,0,0,0,0,0,0,0,0,1,0,1,1,0,1,1,0,0,0,0,0,0,0,0,0,0,0,0,0,0,0,0,0,0,0,0,0,0,0,0,0,0,0,0,0,0,0,0,0,1,1,0,0,0,0,0,0,0,0,0,0,0,0,0,0,0,0,0,0,0,0,0,0,0,0,0,0,0,0,0,0,0,0,0,0,0,0,0,0,0
testToStringBinaryEmptyBody,0,0,0,0,0,0,0,0,0,0,0,0,0,0,0,0,0,0,0,0,0,0,0,0,0,0,0,0,0,0,0,0,0,0,0,0,0,0,0,0,0,0,0,0,0,0,0,0,0,0,0,0,0,0,0,0,0,0,0,0,0,0,0,0,0,0,0,0,0,0,0,0,0,0,0,0,0,0,0,0,0,0,0,0,0,0,0,0,0,0,0,0,0,0,0,0,0,0,0,0,0,0,0,0,0,0,0,0,0,0,0,0,0,0,0,0,0,0,0,0,0,0,0,0,0,0,0,0,0,0,0,0,0,0,0,0,0,0,0,0,0,0,0,0,0,0,0,0,0,0,0,0,0,0,0,0,0,0,0,0,0,1,0,0,0,0,0,0,0,0,0,0,0,0,0,1,0,0,0,0,0,1,1,1,1,0,0,0,0,0,0,0,1,1,1,1,1,1,1,1,1,1,1,1,1,0,1,0,0,1,1,1,1,1,1,1,1,1,1,1,1,1,1,1,1,1,1,1,1,1,1,1,1,1,1,0,1,1,1,1,0,0,1,0,1,1,0,0,1,1,1,0,0,1,1,1,0,1,1,1,0,1,0,1,0,1,1,1,1,1,1,1,1,1,1,0,1,1,1,1,1,1,1,1,1,1,1,1,1,1,1,1,1,0,1,1,1,1,1,1,1,1,1,1,1,1,1,1,1,1,1,1,1,0,0,0,0,0,1,0,0,0,0,1,0,0,1,0,0,0,0,0,0,0,0,0,0,0,0,0,0,0,0,0,0,0,0,0,0,0,0,0,1,0,0,0,0,0,0,0,0,0,0,0,0,0,0,0,0,0,0,0,0,0,0,0,0,0,0,0,0,0,0,0,0,0,0,0,0,0,0,0,0,0,0,0,0,0,0,0,1,0,1,1,0,1,1,0,0,0,0,0,0,0,0,0,0,0,0,0,0,0,0,0,0,0,0,0,0,0,0,0,0,0,0,0,0,0,0,0,1,1,0,0,0,0,0,0,0,0,0,0,0,0,0,0,0,0,0,0,0,0,0,0,0,0,0,0,0,0,0,0,0,0,0,0,0,0,0,0,0
testToStringStringEmptyBody,0,0,0,0,0,0,0,0,0,0,0,0,0,0,0,0,0,0,0,0,0,0,0,0,0,0,0,0,0,0,0,0,0,0,0,0,0,0,0,0,0,0,0,0,0,0,0,0,0,0,0,0,0,0,0,0,0,0,0,0,0,0,0,0,0,0,0,0,0,0,0,0,0,0,0,0,0,0,0,0,0,0,0,0,0,0,0,0,0,0,0,0,0,0,0,0,0,0,0,0,0,0,0,0,0,0,0,0,0,0,0,0,0,0,0,0,0,0,0,0,0,0,0,0,0,0,0,0,0,0,0,0,0,0,0,0,0,0,0,0,0,0,0,0,0,0,0,0,0,0,0,0,0,0,0,0,0,0,0,0,0,1,0,0,0,0,0,0,0,0,0,0,0,0,0,1,0,0,0,0,0,1,1,1,1,0,0,0,0,0,0,0,1,1,1,1,1,1,1,1,1,1,1,1,1,0,1,0,0,1,1,1,1,1,1,1,1,1,1,1,1,1,1,1,1,1,1,1,1,1,1,1,1,1,1,0,1,1,1,1,0,0,1,0,1,1,0,0,1,1,1,0,0,1,1,1,0,1,1,1,0,1,0,1,0,1,1,1,1,1,1,1,1,1,1,0,1,1,1,1,1,1,1,1,1,1,1,1,1,1,1,1,1,0,1,1,1,1,1,1,1,1,1,1,1,1,1,1,1,1,1,1,1,0,0,0,0,0,1,0,0,0,0,1,0,0,1,0,0,0,0,0,0,0,0,0,0,0,0,0,0,0,0,0,0,0,0,0,0,0,0,0,1,0,0,0,0,0,0,0,0,0,0,0,0,0,0,0,0,0,0,0,0,0,0,0,0,0,0,0,0,0,0,0,0,0,0,0,0,0,0,0,0,0,0,0,0,0,0,0,1,0,1,1,0,1,1,0,0,0,0,0,0,0,0,0,0,0,0,0,0,0,0,0,0,0,0,0,0,0,0,0,0,0,0,0,0,0,0,0,1,1,0,0,0,0,0,0,0,0,0,0,0,0,0,0,0,0,0,0,0,0,0,0,0,0,0,0,0,0,0,0,0,0,0,0,0,0,0,0,0
testToStringHeaders,0,1,1,0,1,1,1,1,1,1,1,1,0,1,1,0,0,1,1,1,1,1,1,0,1,0,1,1,1,1,1,1,0,0,1,0,0,0,0,1,0,1,1,1,1,1,1,1,1,1,1,1,0,0,1,0,1,0,0,0,0,1,1,1,0,0,1,0,0,0,0,0,0,0,0,0,0,1,0,1,1,0,1,1,0,0,0,1,0,1,1,0,1,1,1,0,1,0,1,0,1,1,1,1,1,1,1,1,1,1,1,1,1,1,1,1,0,1,1,0,1,1,1,1,1,1,1,0,1,1,1,1,1,1,1,1,1,1,1,1,1,1,0,1,0,0,1,1,1,1,1,1,0,1,1,1,1,1,0,0,0,1,0,0,0,0,0,0,0,0,0,0,0,0,0,1,0,0,0,0,0,1,1,1,1,0,0,0,0,0,0,0,1,1,1,1,1,1,1,1,1,1,1,1,1,0,1,0,0,1,1,1,1,1,1,1,1,1,1,1,1,1,1,1,1,1,1,1,1,1,1,1,1,1,1,0,1,1,1,1,0,0,1,0,1,1,0,0,1,1,1,0,0,1,1,1,0,1,1,1,0,1,0,1,0,1,1,1,1,1,1,1,1,1,1,0,1,1,1,1,1,1,1,1,1,1,1,1,1,1,1,1,1,0,1,1,1,1,1,1,1,1,1,1,1,1,1,1,1,1,1,1,1,0,0,0,0,0,1,0,0,1,1,1,0,0,1,0,0,0,0,0,0,0,0,0,0,0,0,0,1,1,1,1,1,1,1,1,1,1,0,1,1,1,0,0,0,1,0,1,0,1,0,1,1,0,1,1,1,1,0,1,1,1,0,0,1,0,1,1,1,0,1,1,0,1,1,0,0,0,0,0,0,1,0,0,0,0,0,0,1,0,1,1,1,1,1,0,0,0,0,0,1,1,1,1,1,1,0,0,0,0,1,0,1,1,0,1,1,0,1,1,1,1,1,0,0,0,0,0,1,1,1,0,1,1,1,0,0,1,0,0,0,0,0,0,0,1,1,0,1,1,0,0,1,1,1,0,1,1,1,1,1,0,0,1,0,0,0,0,0
testToStringDelay,0,0,0,0,0,0,0,0,0,0,0,0,0,0,0,0,0,0,0,0,0,0,0,0,0,0,0,0,0,0,0,0,0,0,0,0,0,0,0,0,0,0,0,0,0,0,0,0,0,0,0,0,0,0,0,0,0,0,0,0,0,0,0,0,0,0,0,0,0,0,0,0,0,0,0,0,0,0,0,0,0,0,0,0,0,0,0,0,0,0,0,0,0,0,0,0,0,0,0,0,0,0,0,0,0,0,0,0,0,0,0,0,0,0,0,0,0,0,0,0,0,0,0,0,0,0,0,0,0,0,0,0,0,0,0,0,0,0,0,0,0,0,0,0,0,0,0,0,0,0,0,0,0,0,0,0,0,0,0,0,0,1,0,0,0,0,0,0,0,0,0,0,0,0,0,1,0,0,0,0,0,1,1,1,1,0,0,0,0,0,0,0,1,1,1,1,1,1,1,1,1,1,1,1,1,0,1,0,0,1,1,1,1,1,1,1,1,1,1,1,1,1,1,1,1,1,1,1,1,1,1,1,1,1,1,0,1,1,1,1,0,0,1,0,1,1,0,0,1,1,1,0,0,1,1,1,0,1,1,1,0,1,0,1,0,1,1,1,1,1,1,1,1,1,1,0,1,1,1,1,1,1,1,1,1,1,1,1,1,1,1,1,1,0,1,1,1,1,1,1,1,1,1,1,1,1,1,1,1,1,1,1,1,0,0,0,0,0,1,0,0,0,0,1,0,0,1,0,0,0,0,0,0,0,0,0,0,0,0,0,0,0,0,0,0,0,0,0,0,0,0,0,1,0,0,0,0,0,0,0,0,0,0,0,0,0,0,0,0,0,0,0,0,0,0,0,0,0,0,0,0,0,0,0,0,0,0,0,0,0,0,0,0,0,0,0,0,0,0,0,1,0,1,1,0,1,1,0,0,0,0,0,0,0,0,0,0,0,0,0,0,0,0,0,0,0,0,0,0,0,0,0,0,0,0,0,0,0,0,0,1,1,0,0,0,0,0,0,0,0,0,0,0,0,0,0,0,0,0,0,0,0,0,0,0,0,0,0,0,0,0,0,0,0,0,0,0,0,0,0,0
testName,0,0,0,0,1,0,0,1,0,1,0,1,0,0,0,0,0,0,0,1,1,1,1,0,1,0,0,1,1,1,0,0,0,0,0,0,0,0,0,0,0,0,0,1,0,0,0,0,0,0,0,0,0,0,0,0,0,0,0,0,0,0,0,0,0,0,0,0,0,0,0,0,0,0,0,0,0,0,0,0,0,0,0,0,0,0,0,0,0,0,0,0,0,0,0,0,0,0,0,0,0,0,0,0,0,0,0,0,0,0,0,0,0,0,0,0,0,0,0,0,0,0,0,0,0,0,0,0,1,1,0,0,1,0,0,0,0,0,1,0,0,0,0,0,0,0,1,0,1,1,1,0,0,1,0,0,0,0,1,1,1,1,1,0,1,0,0,0,1,1,0,0,0,0,0,1,1,1,0,1,1,1,1,1,1,0,0,0,0,0,0,1,1,0,0,1,0,1,0,0,1,1,0,1,1,1,1,1,0,1,1,0,1,0,0,1,1,1,0,1,1,0,1,1,1,1,0,0,0,0,1,0,1,1,1,1,1,1,1,1,1,1,0,0,1,1,1,0,1,1,1,0,0,0,0,0,0,0,0,0,1,1,0,1,0,1,1,0,0,0,0,1,1,1,1,1,1,1,1,1,1,1,1,1,1,1,1,1,1,0,1,1,1,0,1,1,1,1,1,1,1,1,1,1,1,1,1,1,1,1,1,1,1,1,1,0,0,1,1,0,0,1,1,1,0,0,1,0,0,0,0,0,0,0,0,0,0,0,0,0,1,1,1,1,1,1,1,1,0,1,1,1,1,1,0,0,0,1,0,1,1,1,1,1,1,0,1,1,1,1,1,1,1,1,0,1,1,1,1,1,1,0,1,1,0,1,1,0,0,0,0,0,0,1,1,0,1,1,1,1,1,1,1,1,1,1,1,0,0,0,0,0,1,1,1,1,1,1,1,0,0,1,1,0,1,1,1,1,1,1,1,1,1,1,1,1,0,0,0,0,1,1,0,0,1,1,1,1,1,1,1,1,1,1,1,1,1,1,1,0,1,1,0,0,1,1,1,0,0,1,1,1,1,1,0,1,1,1,1,1,1
testRuleValidatorBuilder,0,1,1,1,1,1,1,1,1,1,1,1,1,1,1,1,1,1,1,1,1,1,1,1,1,1,1,1,1,1,1,1,1,1,1,1,1,1,1,1,1,1,1,1,1,1,1,1,1,1,1,1,1,1,1,1,1,1,1,1,1,1,1,1,1,1,1,1,1,1,1,1,1,1,1,1,1,1,1,1,1,1,1,1,1,1,1,1,1,1,1,1,1,1,1,1,1,1,1,1,1,1,1,1,1,1,1,1,1,1,1,1,1,1,1,1,1,1,1,1,1,1,1,1,1,1,1,1,1,1,1,1,1,1,1,1,1,1,1,1,1,1,1,1,1,1,1,1,1,1,1,1,1,1,1,1,1,1,1,1,1,1,1,1,1,0,0,1,1,1,1,1,1,1,1,1,1,1,1,1,1,1,1,1,1,1,1,1,1,1,1,1,1,1,1,1,1,1,1,1,1,1,1,1,1,1,1,1,0,1,1,1,1,1,1,1,1,1,1,1,1,1,1,1,1,1,1,1,1,1,1,1,1,1,1,1,1,1,1,1,1,1,1,1,1,1,1,1,1,1,1,1,1,1,1,1,1,1,1,1,1,1,1,1,1,1,1,1,1,1,1,1,1,1,1,1,1,1,1,1,1,1,1,1,1,1,1,1,1,1,1,1,1,1,1,1,1,1,1,1,1,1,1,1,1,1,1,1,1,1,1,1,1,1,1,1,1,1,1,1,1,1,1,1,1,1,1,1,1,1,1,1,1,1,1,1,1,1,1,1,1,1,1,1,1,1,1,1,1,1,1,1,1,1,1,1,1,1,1,1,1,1,1,1,1,1,1,1,1,1,1,1,1,1,1,1,1,1,1,1,1,1,1,1,1,1,1,1,1,1,1,1,1,1,1,1,1,1,1,1,1,1,1,1,1,1,1,1,1,1,1,1,1,1,1,1,1,1,1,1,1,1,1,1,1,1,1,1,1,1,1,1,1,1,1,1,1,1,1,1,1,1,1,1,1,1,1,1,1,1,1,1,1,1,1,1,1,1,1,1,1,1,1,1,1,1,1,1,1,1,1,1,1,1,1,1,1,1,1,1,1
